"DESCRIPTION","DURATION IN MS","NAME","PARENT SUITE","START TIME","STATUS","STOP TIME","SUB SUITE","SUITE","TEST CLASS","TEST METHOD"
"","4","test_select_quoted_decimal[core]","tests.integration.dbapi.sync.V2","2026-10-01","passed","2026-10-01","","test_queries","",""
"Test that connection.rollback() works correctly.","49","test_connection_rollback[core]","tests.integration.dbapi.sync.V2","2026-10-01","passed","2026-10-01","","test_queries","",""
"Test that context manager commits transaction on normal exit when autocommit=False.","63","test_context_manager_auto_commit_on_normal_exit[core]","tests.integration.dbapi.sync.V2","2026-10-01","passed","2026-10-01","","test_queries","",""
"Query parameters are handled properly","378","test_multi_statement_query[core]","tests.integration.dbapi.async.V2","2026-10-01","passed","2026-10-01","","test_queries_async","",""
"Select handles errors properly during fetching.","91","test_streaming_error_during_fetching[core]","tests.integration.dbapi.async.V2","2026-10-01","passed","2026-10-01","","test_streaming","",""
"Test transaction SQL statements with COMMIT.","58","test_transaction_commit[core]","tests.integration.dbapi.sync.V2","2026-10-01","passed","2026-10-01","","test_queries","",""
"Test transaction SQL statements with COMMIT.","205","test_transaction_commit[core]","tests.integration.dbapi.async.V2","2026-10-01","passed","2026-10-01","","test_queries_async","",""
"","5","test_select_geography[core]","tests.integration.dbapi.sync.V2","2026-10-01","passed","2026-10-01","","test_queries","",""
"Test that context manager does not commit transaction on exception exit.","63","test_context_manager_no_auto_commit_on_exception_exit[core]","tests.integration.dbapi.sync.V2","2026-10-01","passed","2026-10-01","","test_queries","",""
"Test that connection.commit() works correctly.","48","test_connection_commit[core]","tests.integration.dbapi.sync.V2","2026-10-01","passed","2026-10-01","","test_queries","",""
"","3","test_select_quoted_bigint[core]","tests.integration.dbapi.sync.V2","2026-10-01","passed","2026-10-01","","test_queries","",""
"Inserted and than selected bytea value doesn't get corrupted.","56","test_bytea_roundtrip[core]","tests.integration.dbapi.async.V2","2026-10-01","passed","2026-10-01","","test_queries_async","",""
"","19","test_select_inf[core]","tests.integration.dbapi.async.V2","2026-10-01","passed","2026-10-01","","test_queries_async","",""
"Test transaction SQL statements with ROLLBACK.","96","test_transaction_rollback[core]","tests.integration.dbapi.async.V2","2026-10-01","passed","2026-10-01","","test_queries_async","",""
"Test that cursors share the same transaction state - no isolation between cursors.","178","test_transaction_cursor_isolation[core]","tests.integration.dbapi.async.V2","2026-10-01","passed","2026-10-01","","test_queries_async","",""
"","0","test_streaming_limited_memory[core]","tests.integration.dbapi.async.V2","2026-10-01","skipped","2026-10-01","","test_streaming","",""
"","21","test_select_geography[core]","tests.integration.dbapi.async.V2","2026-10-01","passed","2026-10-01","","test_queries_async","",""
"Test that context manager does not auto-commit when autocommit=True.","285","test_context_manager_works_with_autocommit_on[core]","tests.integration.dbapi.async.V2","2026-10-01","passed","2026-10-01","","test_queries_async","",""
"","20","test_set_invalid_parameter[core]","tests.integration.dbapi.async.V2","2026-10-01","passed","2026-10-01","","test_queries_async","",""
"Test transaction SQL statements with ROLLBACK.","60","test_transaction_rollback[core]","tests.integration.dbapi.sync.V2","2026-10-01","passed","2026-10-01","","test_queries","",""
"Connection properly reacts to sql execution error.","4","test_sql_error[core]","tests.integration.dbapi.sync.V2","2026-10-01","passed","2026-10-01","","test_errors","",""
"Test that context manager commits transaction on normal exit when autocommit=False.","408","test_context_manager_auto_commit_on_normal_exit[core]","tests.integration.dbapi.async.V2","2026-10-01","passed","2026-10-01","","test_queries_async","",""
"Select handles errors properly.","24","test_streaming_error[core]","tests.integration.dbapi.async.V2","2026-10-01","passed","2026-10-01","","test_streaming","",""
"Insert and delete queries are handled properly.","87","test_insert[core]","tests.integration.dbapi.async.V2","2026-10-01","passed","2026-10-01","","test_queries_async","",""
"Select handles all data types properly.","26","test_streaming_select[core]","tests.integration.dbapi.sync.V2","2026-10-01","passed","2026-10-01","","test_streaming","",""
"Test that statements are visible immediately with autocommit enabled (uses existing connection fixture).","170","test_autocommit_immediate_visibility[core-explicit]","tests.integration.dbapi.async.V2","2026-10-01","passed","2026-10-01","","test_queries_async","",""
"Select handles all data types properly.","37","test_select[core]","tests.integration.dbapi.sync.V2","2026-10-01","passed","2026-10-01","","test_queries","",""
"","1020","test_query_timeout[core]","tests.integration.dbapi.async.V2","2026-10-01","passed","2026-10-01","","test_timeout","",""
"Test that connection.aclose() does not rollback when autocommit=True.","260","test_connection_close_no_rollback_with_autocommit_on[core]","tests.integration.dbapi.async.V2","2026-10-01","passed","2026-10-01","","test_queries_async","",""
"Auth refreshes token on expiration/invalidation","0","test_refresh_token[core]","tests.integration.dbapi.sync.V2","2026-10-01","skipped","2026-10-01","","test_auth","",""
"Test that connection.close() rolls back uncommitted transactions when autocommit=False.","86","test_connection_close_rollback_with_autocommit_off[core]","tests.integration.dbapi.sync.V2","2026-10-01","passed","2026-10-01","","test_queries","",""
"","17","test_select_struct[core]","tests.integration.dbapi.sync.V2","2026-10-01","broken","2026-10-01","","test_queries","",""
"Select handles errors properly.","6","test_streaming_error[core]","tests.integration.dbapi.sync.V2","2026-10-01","passed","2026-10-01","","test_streaming","",""
"Select handles errors properly during fetching.","111","test_streaming_error_during_fetching[core]","tests.integration.dbapi.sync.V2","2026-10-01","passed","2026-10-01","","test_streaming","",""
"Test that context manager does not commit transaction on exception exit.","91","test_context_manager_no_auto_commit_on_exception_exit[core]","tests.integration.dbapi.async.V2","2026-10-01","passed","2026-10-01","","test_queries_async","",""
"Connection properly reacts to SQL execution error.","28","test_sql_error[core]","tests.integration.dbapi.async.V2","2026-10-01","passed","2026-10-01","","test_errors_async","",""
"executemany with bulk_insert=True works correctly for both paramstyles.","10035","test_executemany_bulk_insert_paramstyles[core-qmark-INSERT INTO ""{table}"" VALUES (?, ?)-test_data1]","tests.integration.dbapi.sync.V2","2026-10-01","passed","2026-10-01","","test_queries","",""
"Test that statements are visible immediately with autocommit enabled (uses existing connection fixture).","37","test_autocommit_immediate_visibility[core-implicit]","tests.integration.dbapi.sync.V2","2026-10-01","passed","2026-10-01","","test_queries","",""
"Select handles all data types properly.","44","test_streaming_select[core]","tests.integration.dbapi.async.V2","2026-10-01","passed","2026-10-01","","test_streaming","",""
"AWS ALB TCP timeout set to 350; make sure we handle the keepalive correctly.","0","test_long_query[core]","tests.integration.dbapi.async.V2","2026-10-01","skipped","2026-10-01","","test_queries_async","",""
"","36","test_select_struct[core]","tests.integration.dbapi.async.V2","2026-10-01","broken","2026-10-01","","test_queries_async","",""
"Query parameters are handled properly.","53","test_parameterized_query[core]","tests.integration.dbapi.async.V2","2026-10-01","passed","2026-10-01","","test_queries_async","",""
"Insert and delete queries are handled properly.","41","test_insert[core]","tests.integration.dbapi.sync.V2","2026-10-01","passed","2026-10-01","","test_queries","",""
"","1003","test_query_timeout[core]","tests.integration.dbapi.sync.V2","2026-10-01","passed","2026-10-01","","test_timeout","",""
"Test that connection.close() does not rollback when autocommit=True.","56","test_connection_close_no_rollback_with_autocommit_on[core]","tests.integration.dbapi.sync.V2","2026-10-01","passed","2026-10-01","","test_queries","",""
"Test that cursors share the same transaction state - no isolation between cursors.","66","test_transaction_cursor_isolation[core]","tests.integration.dbapi.sync.V2","2026-10-01","passed","2026-10-01","","test_queries","",""
"Inserted and than selected bytea value doesn't get corrupted.","41","test_bytea_roundtrip[core]","tests.integration.dbapi.sync.V2","2026-10-01","passed","2026-10-01","","test_queries","",""
"executemany with bulk_insert=True works correctly for both paramstyles.","10234","test_executemany_bulk_insert_paramstyles[core-qmark-INSERT INTO ""{table}"" VALUES (?, ?)-test_data1]","tests.integration.dbapi.async.V2","2026-10-01","passed","2026-10-01","","test_queries_async","",""
"","5","test_select_nan[core]","tests.integration.dbapi.sync.V2","2026-10-01","passed","2026-10-01","","test_queries","",""
"Test that statements are visible immediately with autocommit enabled (uses existing connection fixture).","65","test_autocommit_immediate_visibility[core-implicit]","tests.integration.dbapi.async.V2","2026-10-01","passed","2026-10-01","","test_queries_async","",""
"","22","test_select_quoted_bigint[core]","tests.integration.dbapi.async.V2","2026-10-01","passed","2026-10-01","","test_queries_async","",""
"","21","test_select_quoted_decimal[core]","tests.integration.dbapi.async.V2","2026-10-01","passed","2026-10-01","","test_queries_async","",""
"Test that connection.aclose() rolls back uncommitted transactions when autocommit=False.","242","test_connection_close_rollback_with_autocommit_off[core]","tests.integration.dbapi.async.V2","2026-10-01","passed","2026-10-01","","test_queries_async","",""
"Select handles all data types properly.","45","test_select[core]","tests.integration.dbapi.async.V2","2026-10-01","passed","2026-10-01","","test_queries_async","",""
"Test that context manager does not auto-commit when autocommit=True.","75","test_context_manager_works_with_autocommit_on[core]","tests.integration.dbapi.sync.V2","2026-10-01","passed","2026-10-01","","test_queries","",""
"Test that connection.rollback() works correctly.","192","test_connection_rollback[core]","tests.integration.dbapi.async.V2","2026-10-01","passed","2026-10-01","","test_queries_async","",""
"executemany with bulk_insert=True works correctly for both paramstyles.","48","test_executemany_bulk_insert_paramstyles[core-fb_numeric-INSERT INTO ""{table}"" VALUES ($1, $2)-test_data0]","tests.integration.dbapi.async.V2","2026-10-01","passed","2026-10-01","","test_queries_async","",""
"Query parameters are handled properly.","4","test_parameterized_query_with_special_chars[core]","tests.integration.dbapi.sync.V2","2026-10-01","passed","2026-10-01","","test_queries","",""
"Select handles multiple records properly.","438","test_streaming_multiple_records[core]","tests.integration.dbapi.sync.V2","2026-10-01","passed","2026-10-01","","test_streaming","",""
"
Async integration test for database context preservation with caching on Firebolt.

This test verifies against a live Firebolt instance:
1. Connect with database1 + engine1 (cache entry created)
2. Connect with database2 + engine1 (should add database2 to cache)
3. Cursors from second connection should have database2, not database1
","224","test_database_switching_with_same_engine_preserves_database_context[core]","tests.integration.dbapi.async.V2","2026-10-01","passed","2026-10-01","","test_queries_async","",""
"Test that statements are visible immediately with autocommit enabled (uses existing connection fixture).","38","test_autocommit_immediate_visibility[core-explicit]","tests.integration.dbapi.sync.V2","2026-10-01","passed","2026-10-01","","test_queries","",""
"","23","test_select_nan[core]","tests.integration.dbapi.async.V2","2026-10-01","passed","2026-10-01","","test_queries_async","",""
"","2","test_set_invalid_parameter[core]","tests.integration.dbapi.sync.V2","2026-10-01","passed","2026-10-01","","test_queries","",""
"Query parameters are handled properly","38","test_multi_statement_query[core]","tests.integration.dbapi.sync.V2","2026-10-01","passed","2026-10-01","","test_queries","",""
"","0","test_streaming_limited_memory[core]","tests.integration.dbapi.sync.V2","2026-10-01","skipped","2026-10-01","","test_streaming","",""
"Query parameters are handled properly.","47","test_parameterized_query[core]","tests.integration.dbapi.sync.V2","2026-10-01","passed","2026-10-01","","test_queries","",""
"Query parameters are handled properly.","21","test_parameterized_query_with_special_chars[core]","tests.integration.dbapi.async.V2","2026-10-01","passed","2026-10-01","","test_queries_async","",""
"Select handles multiple records properly.","260","test_streaming_multiple_records[core]","tests.integration.dbapi.async.V2","2026-10-01","passed","2026-10-01","","test_streaming","",""
"Auth refreshes token on expiration/invalidation","0","test_refresh_token[core]","tests.integration.dbapi.async.V2","2026-10-01","skipped","2026-10-01","","test_auth_async","",""
"","5","test_select_inf[core]","tests.integration.dbapi.sync.V2","2026-10-01","passed","2026-10-01","","test_queries","",""
"
Integration test for database context preservation with caching on Firebolt.

This test verifies against a live Firebolt instance:
1. Connect with database1 + engine1 (cache entry created)
2. Connect with database2 + engine1 (should add database2 to cache)
3. Cursors from second connection should have database2, not database1
","84","test_database_switching_with_same_engine_preserves_database_context[core]","tests.integration.dbapi.sync.V2","2026-10-01","passed","2026-10-01","","test_queries","",""
"Auth raises authentication error on credentials invalidation","0","test_credentials_invalidation[core]","tests.integration.dbapi.async.V2","2026-10-01","skipped","2026-10-01","","test_auth_async","",""
"AWS ALB TCP timeout set to 350; make sure we handle the keepalive correctly.","0","test_long_query[core]","tests.integration.dbapi.sync.V2","2026-10-01","skipped","2026-10-01","","test_queries","",""
"Test that connection.commit() works correctly.","518","test_connection_commit[core]","tests.integration.dbapi.async.V2","2026-10-01","passed","2026-10-01","","test_queries_async","",""
"executemany with bulk_insert=True works correctly for both paramstyles.","30","test_executemany_bulk_insert_paramstyles[core-fb_numeric-INSERT INTO ""{table}"" VALUES ($1, $2)-test_data0]","tests.integration.dbapi.sync.V2","2026-10-01","passed","2026-10-01","","test_queries","",""
